{"rouge-1": {"f": 0.5234084115829744, "p": 0.5094869174088825, "r": 0.6426226501567424}, "rouge-2": {"f": 0.3260327711628308, "p": 0.31991928672487957, "r": 0.3983382260623536}, "rouge-l": {"f": 0.2888657279682033, "p": 0.28100317225599936, "r": 0.29818756366891835}, "rouge-w": {"f": 0.10526751700668799, "p": 0.15840461113254395, "r": 0.07928120682245691}}