{"rouge-2": {"f": 0.3628359416890422, "p": 0.36886748191692875, "r": 0.42439790600397626}, "rouge-1": {"f": 0.5441293010605691, "p": 0.5511225022580698, "r": 0.6390409339414527}, "rouge-l": {"f": 0.30328246793633445, "p": 0.29425737168749455, "r": 0.3139025512217449}, "rouge-w": {"f": 0.11238929375340591, "p": 0.1686259045929331, "r": 0.0847420212909156}}